<?xml version="1.0" encoding="UTF-8"?>
<project-private xmlns="http://www.netbeans.org/ns/project-private/1">
    <editor-bookmarks xmlns="http://www.netbeans.org/ns/editor-bookmarks/2" lastBookmarkId="0"/>
    <open-files xmlns="http://www.netbeans.org/ns/projectui-open-files/2">
        <group>
            <file>file:/E:/College/Java%20Programming%20III/Chapter%2037/CalculateLoan/src/java/CalcLoanServlet/CalcLoanServlet.java</file>
            <file>file:/E:/College/Java%20Programming%20III/Chapter%2037/CalculateLoan/web/index.html</file>
            <file>file:/E:/College/Java%20Programming%20III/Chapter%2037/CalculateLoan/src/java/Loan/Loan.java</file>
        </group>
    </open-files>
</project-private>
